nom,nom_parent,css
MIQ3,Stagiaires,#Direct\ Planning\ Tree_736 > div:nth-child(1) > img:nth-child(2)
MIQ4,Stagiaires,#Direct\ Planning\ Tree_737 > div:nth-child(1) > img:nth-child(2)
MIQ2,Stagiaires,#Direct\ Planning\ Tree_955 > div:nth-child(1) > img:nth-child(2)
PL2,Stagiaires,#Direct\ Planning\ Tree_997 > div:nth-child(1) > img:nth-child(2)
PL3,Stagiaires,#Direct\ Planning\ Tree_700 > div:nth-child(1) > img:nth-child(2)
PL4,Stagiaires,#Direct\ Planning\ Tree_701 > div:nth-child(1) > img:nth-child(2)
PL5,Stagiaires,#Direct\ Planning\ Tree_724 > div:nth-child(1) > img:nth-child(2)
STH1LA,Stagiaires,#Direct\ Planning\ Tree_691 > div:nth-child(1) > img:nth-child(2)
STH1LB,Stagiaires,#Direct\ Planning\ Tree_952 > div:nth-child(1) > img:nth-child(2)
GM2,Stagiaires,#Direct\ Planning\ Tree_954 > div:nth-child(1) > img:nth-child(2)
GM3,Stagiaires,#Direct\ Planning\ Tree_2 > div:nth-child(1) > img:nth-child(2)
GM4,Stagiaires,#Direct\ Planning\ Tree_72 > div:nth-child(1) > img:nth-child(2)
GM5,Stagiaires,#Direct\ Planning\ Tree_1636 > div:nth-child(1) > img:nth-child(2)
GE2,Stagiaires,#Direct\ Planning\ Tree_1650 > div:nth-child(1) > img:nth-child(2)
GE3,Stagiaires,#Direct\ Planning\ Tree_239 > div:nth-child(1) > img:nth-child(2)
GE4,Stagiaires,#Direct\ Planning\ Tree_240 > div:nth-child(1) > img:nth-child(2)
GE5,Stagiaires,#Direct\ Planning\ Tree_38 > div:nth-child(1) > img:nth-child(2)
GCE2,Stagiaires,#Direct\ Planning\ Tree_1650 > div:nth-child(1) > img:nth-child(2)
GCE3,Stagiaires,#Direct\ Planning\ Tree_239 > div:nth-child(1) > img:nth-child(2)
GCE4,Stagiaires,#Direct\ Planning\ Tree_240 > div:nth-child(1) > img:nth-child(2)
GCE5,Stagiaires,#Direct\ Planning\ Tree_38 > div:nth-child(1) > img:nth-child(2)
GC2,Stagiaires,#Direct\ Planning\ Tree_1885 > div:nth-child(1) > img:nth-child(2)
GC3,Stagiaires,#Direct\ Planning\ Tree_3460 > div:nth-child(1) > img:nth-child(2)
GC4,Stagiaires,#Direct\ Planning\ Tree_406 > div:nth-child(1) > img:nth-child(2)
GC5,Stagiaires,#Direct\ Planning\ Tree_467 > div:nth-child(1) > img:nth-child(2)
G2,Stagiaires,#Direct\ Planning\ Tree_1787 > div:nth-child(1) > img:nth-child(2)
G3,Stagiaires,#Direct\ Planning\ Tree_552 > div:nth-child(1) > img:nth-child(2)
G4,Stagiaires,#Direct\ Planning\ Tree_604 > div:nth-child(1) > img:nth-child(2)
G5,Stagiaires,#Direct\ Planning\ Tree_556 > div:nth-child(1) > img:nth-child(2)